2.6201828546157513,2.7161350017343762,1
-4.0770131400670442,1.7420563938638771,1
0.8779959903847333,-0.12632791510483909,1
4.7867243077673614,1.6950102552904704,1
-1.4933678173556324,0.6597059948527213,1
2.1946777217179347,2.2180030845756087,1
-1.7392255577168483,0.97843293541540943,1
2.3734203010014565,-0.48017068682588637,1
3.1632757411286461,2.8614341374640357,1
2.9775867464236274,2.8216204421008597,1
-1.373096706236806,1.4552055113414673,1
-3.0673334836566557,0.37801163212516775,1
-0.77209105717576598,3.6243838374618509,1
1.3362088590048624,2.8447690238705832,1
3.1434500365504174,2.3865615459375915,1
2.5203408986768294,1.2643395773225821,1
1.2077303667661408,2.1417937585486815,1
0.41030713088413173,0.83011486377032706,1
-0.75309989093819141,0.27090988525744253,1
-1.1758622978091815,0.080918829195482544,1
-0.70198257139492748,1.1639609757758789,1
-0.082680049882324913,1.0107078207375431,1
2.7647166377506585,1.2460078791110021,1
1.6729043160797294,0.96120882616006287,1
1.5045490091067975,-0.6020015316259919,1
-2.1854437965812981,1.1449503654196356,1
0.19764339773731543,2.7835461741576824,1
4.0534394533277167,0.77418519841985511,1
-0.48896377122697876,0.60164353719926655,1
1.1068861301620543,0.15788011397694479,1
3.4113370205049947,0.90992445655145138,1
0.49618405262482657,-0.61246619730226293,1
0.8991945862539199,2.81516855306459,1
-2.8321913580476021,0.68468382982868869,1
0.327144989850081,2.2840964835945572,1
1.2939315478155859,0.66150858452223349,1
0.97625808335492081,0.55303372403969231,1
3.1626756971350956,1.7340611798338537,1
0.66672864810812349,1.6556985030972631,1
1.0581466933232635,0.15278122390773696,1
-0.10344428739982947,-0.27755195034363322,1
-0.093728068822626631,-1.5481814516863772,1
-2.2273311012603267,2.4624509454762036,1
4.5588882589134583,1.0626069066316415,1
1.8108412852325571,1.1052239282238907,1
1.8513042411181877,-1.4446429207092812,1
-2.2607555307780967,2.2578814534248992,1
-1.5571513146324716,2.369902406704945,1
-3.2005453487669442,-0.16481255554029928,1
1.1561747048039539,1.31985393813348,1
-0.93047450795162479,1.4026216469428019,1
0.90273012262764452,1.1796539430926551,1
3.2227480481802315,1.825719608638718,1
5.1251463319079287,2.9398964251733135,1
-2.8916829478612938,1.2023164630942873,1
1.8052592282522075,1.5150808989567155,1
0.56611722124479391,2.3397476341773444,1
-1.7355072310035606,0.49063706488254,1
2.0064085438422614,-0.9661012806235576,1
3.8044656310349509,0.54129577463118239,1
2.1409358907284575,-0.82866532912819379,1
-1.7234072321433087,-0.38076936796552041,1
3.5995709193125647,1.8567116770933769,1
-0.23271627010723672,1.9869188491049472,1
2.9857448368215227,0.75335723640399888,1
2.8676275092246737,0.4162067449136867,1
-0.20167338800641676,1.352334836866685,1
1.0340001811611839,0.50965379533349897,1
1.4713391611353883,1.4020223195519645,1
4.7328244462519873,2.3317670387723606,1
5.3316066323816527,0.65652795172005862,1
-0.74385182657717963,0.48871077931128326,1
7.2188520224583863,-0.77187408182707773,1
0.01475140210176118,2.6277163677523161,1
-0.79922289733121432,1.4047096541404402,1
-0.22303748482216745,1.6154464450451136,1
0.12617032392402661,1.6910268254819738,1
-2.7811364082791581,-0.67776815472164942,1
-1.6218470009169186,0.84338808833110335,1
-0.24334804450910674,1.7691597425493391,1
-1.4021193256885052,-0.15227430041442247,1
1.1775551069286867,-1.0487457783504315,1
0.70055200066919243,0.84244023807053492,1
2.7710166723518812,0.85408902642164042,1
-0.12354515160326396,1.2444865358654207,1
-0.0025699904020834996,0.27136984410027698,1
-1.8646686150480469,0.69851540101466125,1
2.1939984912289274,0.23661561968858891,1
-0.88399696465144117,2.3222276699776407,1
-2.0766293509228309,1.0503457318123117,1
2.1412360559352734,0.50917791196143036,1
-3.1093943409412086,2.6278169205612887,1
2.8808918627265649,0.94310081400605539,1
0.64417296035232186,-0.93154973374448802,1
3.631441119849355,1.8405887205061329,1
3.3233052917478503,1.3816879346628712,1
0.66640576754029501,1.6751802440918904,1
-1.0061048936454591,0.45921752342765798,1
-0.089935767161448466,3.2811590536786861,1
1.4218751279390687,0.49971991628611945,1
0.23759267022551867,2.904358451000554,1
-0.3545607968650879,1.6585555050278524,1
-3.6882945750512128,2.5623009864356683,1
4.2228601972098216,1.6515460501210093,1
2.9303650983374023,-0.69276975167333421,1
1.4408759221893752,0.8526533901467106,1
-1.724917619158582,-0.35009661941252945,1
2.6157417315072884,0.1816173700310374,1
-0.5220193567475222,-0.00026129649723283244,1
0.0080260308306906447,1.6108577099769597,1
4.0975395622131092,-0.10554169808305258,1
0.37541955044477821,0.94908557824271167,1
2.874259692720492,-1.2824930416479758,1
1.0011136751463272,0.5926612132401492,1
1.1137333783306338,-0.073612812411487205,1
2.5486679279095021,2.0094619261170372,1
2.093006785489492,0.99634666275599759,1
-0.026260316806520856,0.51374958087340228,1
-0.63331442872341093,-1.0562293888371843,1
2.1014778571539487,1.3855581239390964,1
0.2998866091817074,0.01075523825594471,1
0.21931643580320914,3.1211637852502818,1
2.5723373616509217,0.956829641020848,1
2.4936587690670042,0.72783687649780249,1
-0.092038338247589224,-0.063654911283478111,1
1.0991045127182579,0.52705235944556406,1
-1.8273878863934134,0.35859021416133419,1
2.7410593959226359,1.4001341042253579,1
-0.71439922321748939,1.5275408205670384,1
1.3620165070360069,2.3459875823745566,1
1.5083767249845685,0.70168157108135221,1
0.97813773240977586,-0.26033884733053769,1
-2.4811117995146219,1.6415305751414784,1
3.0066664099927829,1.5657858580901243,1
2.9201300187036079,1.7200155490852127,1
0.26065480494489146,1.1798877282153011,1
-3.0726328527898827,2.4398923876174479,1
-1.6167695733521825,1.4840433197944665,1
0.70825604605640047,2.5188710044127696,1
3.5217653821637214,1.2793777650745688,1
-0.44195633928078437,0.049324718488701125,1
1.6235918593251464,-1.7343383292964618,1
-1.3990530455273065,1.3285311658533892,1
-1.9157079962974393,0.6569590860154837,1
-2.611534388425663,0.96519139870129722,1
1.4477636375355822,1.5555098311636228,1
0.76548900704613843,1.4985991371021194,1
-2.492952930550552,0.43883477509109592,1
1.89809397205258,-0.27365954055413066,1
-1.4274517150434469,2.4899422028422782,1
3.3174646154557399,1.737185688902857,1
4.80416197793752,0.32664248975651655,1
1.6572804927215186,0.32345141957860291,1
-0.37797003720728339,1.1029922623229205,1
5.8504708482964327,0.51783955243423629,1
2.5622888218100561,0.81455961848796055,1
0.73891940549477753,2.2609183087814801,1
-1.5850190219449394,0.41492568224403437,1
1.9402561246554244,0.48592427654218717,1
5.0752556269808631,0.80555875056844595,1
0.57129912958849949,1.0667761093185459,1
5.4635838313734109,0.74642757960599715,1
2.7911582589396775,0.90001339613024178,1
0.12042576037786967,0.9036584227449439,1
-1.88495499953231,-0.042078393720720975,1
2.081138258345121,1.9915423686177336,1
2.7250832875320352,1.036759767340838,1
-1.3579186826523169,2.4316997637281688,1
0.33756804587275457,0.74418493421114407,1
0.32308896442946827,0.75156777554977205,1
0.71866218535488491,0.83150723983276387,1
-0.50805301846757023,1.4855856960376996,1
1.0365835609903888,1.9630083306566308,1
3.7862706580453453,0.5641615117811889,1
2.1908555866402413,0.59031275765633806,1
0.65968174995827134,1.0255181813859078,1
0.76761824991018435,0.38955763567040802,1
2.740695181385945,0.51109249868854678,1
3.2730919392030069,-0.42836799835502082,1
1.0261960953793574,0.81259102988596943,1
1.8473078486584535,1.8860496747594933,1
4.268247205493088,2.0194601674031301,1
0.84434535688355628,1.3494441613687864,1
-1.827868603664996,2.8315247823032936,1
-1.9417267855918781,2.3552923617319061,1
-0.063771409723856642,1.2949937192685113,1
-0.18406678074801741,-0.058325521703627592,1
1.5057702766667225,1.6478439250143997,1
1.4015286399749791,0.53767429495860219,1
1.3218799245191744,1.3683885393684299,1
-0.51772154558765293,-0.29187774582108861,1
3.4153744014761482,-0.28024654281490169,1
0.084323090578985682,1.1860307584443297,1
-2.1833876884246548,1.9254580560134942,1
0.69970992935458554,1.7253416722256503,1
0.93466465329667747,2.2361829207190329,1
1.5635316141242175,1.9813423340901564,1
2.5377272641786748,0.41487002097703407,1
-0.56411411823589219,0.08152095141849669,1
-0.077914277092225759,1.9187464590640269,1
0.58347902070406388,1.5755171080609147,1
0.2605592888642182,0.67029333735694441,1
-0.19379464992932283,0.11534584990475527,1
1.8051179093518854,0.44575419907381009,1
2.4625551088940298,1.110388676657033,1
1.5107195196500767,1.2120270084045219,1
-0.34113521105962352,1.1191700487159264,1
2.8844183418146265,0.21113461641810527,1
2.9276100675360492,0.94503354789777794,1
2.5799465812510172,0.69748510770312178,1
1.1404789487731608,2.1070658705297145,1
2.3679176167327491,1.06711001368618,1
1.9474452277367555,1.8135458345124587,1
-0.23726664727651303,0.11817019360356495,1
4.7925804456987482,1.437089179555153,1
1.9162510796517447,-0.071951634566446598,1
2.6060195533167603,2.2628978601332319,1
1.1164021035914471,-0.17290716760898928,1
1.78421851230029,0.19444521552945304,1
-0.1270953870918744,-1.1483600651012997,1
1.5027342569772657,0.69653626767429766,1
-0.073877342203551355,3.0300636005668582,1
1.3746446742578702,-1.0212211908938662,1
-0.21654734000470177,-0.1629567927550446,1
3.9057722524545655,1.5327561428441658,1
0.17937434861325363,1.385323476511729,1
2.3016096472291254,1.5857995168278953,1
2.5509750045493753,1.6818570623722449,1
1.5443034212059705,1.6103809377546656,1
0.39838384365053625,1.9695386458131161,1
1.0206762035510581,1.8092506889330027,1
0.052666246348386236,0.75281826622821169,1
-0.52252071280153345,2.516753888841158,1
2.514213721463388,1.916665269881815,1
-2.2268877623987233,0.37646189785295803,1
1.6646444490069379,1.5139554453005768,1
1.2553103840930748,0.49194741017004096,1
6.024495356250676,2.0540041238651083,1
0.93771792093265516,0.64523292363255047,1
3.0304363846934441,-0.71223021876289105,1
-2.1307445332635719,2.0608532415764911,1
-1.0069958912258088,1.8684637717135559,1
-1.7158668140568751,3.0390240562897866,1
2.5818214545982059,2.4113180371176903,1
0.13232519148598698,2.1905990217514764,1
1.1906230536170819,2.0679716017996359,1
0.63720791294976653,1.6185346489662789,1
5.150424745123189,-0.92563413947651751,1
1.1127885671975375,2.4417510286317179,1
-1.5655774919800673,1.6433065216367519,1
0.76529191037192523,2.2091870923058825,1
-0.079144546049298437,0.025174756347545957,1
-0.43725384501129949,1.6304092066733511,1
3.9682244034756557,1.1311798959660746,1
0.52763679493949578,1.2561514835491172,1
2.8350966992232287,0.86294499349128007,1
0.71812648409850544,0.5797789325138909,1
-0.3249046728788374,-1.2154252853503942,1
0.8649513232716235,1.6390782547729288,1
0.06828762833607338,-0.19947951766952721,1
0.84543953690838891,1.921804779235055,1
1.4125430415460603,0.80155118167415584,1
-0.42374035921643372,1.4067466455928479,1
2.7217536113280696,1.0332212334021849,1
-0.95967033048849593,2.0129966846738503,1
-0.54394875049275204,1.8524696657425865,1
0.70398587486555531,0.56636511964491332,1
0.962813810841324,2.7892611461821959,1
2.9855006591770437,1.0971669938093966,1
3.4272485288054115,1.4400528332933333,1
0.93030341699897201,0.94655163968849809,1
2.7750289239609502,0.89800710597522304,1
0.21270592585432091,-0.38935455507301975,1
3.6609664891781408,1.047982072920234,1
0.025089838825400501,1.8264989500664841,1
2.1216124426301786,1.6482234323924752,1
1.3751231550863361,-0.018735626549755802,1
0.21708519271538418,-1.4036303986207552,1
-1.8293326460790353,0.57170893908370701,1
1.9218468481852382,2.9679009539806973,1
0.60860880415834651,1.0874505202271996,1
1.0425018966833586,1.6630680809481178,1
0.70639608436915535,1.0480436779820606,1
1.7338509921219958,1.8936380423062134,1
0.72303068653585156,0.80600643994918664,1
1.6617079410648004,1.1681072184787837,1
5.1569209588234948,2.477444734423047,1
3.9075613130058366,1.5434226017900352,1
1.9990636826579264,0.49045760206064082,1
2.475585772103039,-0.89701097894765591,1
1.0893846991240879,-0.6347370949868667,1
-0.77400993668951634,0.27815935520680934,1
0.0010957355512544176,0.90844152588403593,1
3.205000424067344,0.58343284259942574,1
-1.9868094304547246,1.2836057422478082,1
-0.70183054551730084,1.818127203339126,1
2.7066750721749346,1.5546823013477757,1
4.934589670763156,2.0618412475451313,1
2.4888942996325216,0.22040540623882576,1
0.70357004169094206,2.1344531106561631,1
0.83473316160775723,2.0567279583388745,1
-4.1818629528276601,1.9167835186176807,1
3.210747778606577,1.7091314107260975,1
1.7407339044846915,2.5604635066106813,1
-0.11807206411268512,0.2702075264247662,1
1.1001700206476308,0.19950423486577895,1
2.8470854513365262,0.69785999259734655,1
0.52295246687981001,2.4555920236193947,1
0.7265661940942818,1.07092247266112,1
-0.15640615436479066,2.5596333024502362,1
-0.10671140574840665,0.39547459928123396,1
1.1588917574011184,1.6358978945214064,1
0.2344749517380349,1.4435981324557283,1
0.50477102866711177,2.6114405656429378,1
-0.38921342455356012,0.7449898686518277,1
2.3678453616741688,1.2312285845723736,1
1.8999684825168683,0.75607702894080808,1
2.8714806805463589,0.55135282065365532,1
1.4247284287866666,2.8230837152063719,1
-1.8635889840749231,0.61061137800239074,1
1.3518787837405046,-0.43329261816832898,1
-2.5826375653269551,0.4753464882910392,1
1.8026070158762599,1.3206573948409044,1
2.2155753543399119,2.2231806632735829,1
0.93253486562958132,2.0124066239059726,1
1.2483974405480671,1.6875854409527791,1
3.3302749809458154,-1.7066701974498781,1
-0.49750136998597161,1.6537120625959068,1
-3.7958210060787847,0.38676778994499506,1
1.7442852287971202,0.49346267313758907,1
0.61638724896791242,1.5507916234675467,1
0.22769909706007607,1.08129940078007,1
2.4252072376066129,1.245506084425424,1
0.6919828816407434,0.4960379842903021,1
-2.2358234370563181,0.74574420408599829,1
0.90090531066141533,0.59839714717410275,1
-0.88789663051148215,2.1989845835202244,1
-0.035219815659990772,2.0681538410416218,1
0.45944034719469157,0.053379350915074397,1
0.48821469722752786,1.5887773562966241,1
1.651474930097981,2.6565949547557555,1
2.6727875140402366,1.1215940551630585,1
2.414259511224496,0.80504886614192184,1
1.7027503338690335,0.3823275891972443,1
1.045371256830439,0.93582980052077869,1
-0.06970702249333538,1.6125534811731854,1
1.2235906307730386,0.57489193578257758,1
-1.5987569495992016,3.5443995022365899,1
3.0878608666360696,0.62751345115441148,1
-0.58047787317630695,-0.19156598321010176,1
0.56799777018023079,-0.91974259644866074,1
-0.67206136905130864,-1.5521926411789599,1
0.15898475666676393,0.63853651823486279,1
-4.5111104918841907,0.88591593953223646,1
4.3582646031257681,0.91798999698743,1
-1.4400624553916364,2.4063543191996608,1
0.60979903437647365,2.2992795718346279,1
0.71384485981002566,2.5291793019930813,1
0.37684608035177442,0.56083237248012818,1
-1.2783777971719925,1.674395672350135,1
0.45669593132789904,2.4304319517585977,1
-1.4646166657884236,-0.21632047605011073,1
-3.6049047712807667,1.0702634445810899,1
1.9766470317683493,0.25571771058512438,1
1.1765203018481223,1.1693379380720847,1
-0.48201115374423575,2.3268479325118432,1
1.0134339152511129,1.6244416819651966,1
0.39460625313888792,0.23219641389840828,1
-0.17752103709969491,1.3816060410054412,1
-0.63822000805157386,1.0426604574959646,1
1.3261489093965362,2.3493615113091453,1
-1.6316348789462942,1.9544619157677801,1
0.32866136426068032,0.57064801289230016,1
1.4037694430115559,3.9955323258881985,1
3.3533777588512841,1.8207251179886823,1
3.6690634320825328,1.5909957756106907,1
-0.079479545605545376,0.85052107005173561,1
-0.85034020812659694,2.4714096860002837,1
0.99951369735587803,0.19997838238770793,1
-1.1504512702847018,0.51508467756578757,1
2.8387531089089624,-0.17610800038192131,1
1.6503559314257892,0.11736434931098239,1
3.3276495763711686,1.3983892003653489,1
1.6555053692851109,1.781269427854449,1
2.9451709821880865,1.178144628383502,1
-0.40897685653103211,1.4943584586615248,1
2.247239038286259,0.7871627787720652,1
0.9385782090268775,-0.00086635153373992857,1
-0.30220714524419878,0.15012354183174692,1
4.7430793540540739,1.8795375894665058,1
0.57318581026248261,0.79239619598895461,1
-1.2661260975332718,1.1352954622221549,1
2.8226306746600827,1.1962268391969386,1
0.63507997672613092,1.0788113311515684,1
-0.1714645541790738,0.37206740294214224,1
-1.2607766362352975,1.6682413307961981,1
-1.5340892258834236,0.91847262665048612,1
0.030596952756221651,2.0378253096580918,1
6.1699343981991079,2.1085081638872953,1
4.1315327320164075,1.575175490634682,1
-1.4106471837845909,1.5378543685661352,1
3.84429227539409,1.5533897284323523,1
0.53698603679957158,2.2075439438845375,1
-0.42334624617021532,0.61223074612000894,1
3.3825383060277838,0.15154194520402342,1
-0.41103314650784317,0.82955229249308948,1
1.3442444103718469,2.1688557904136188,1
3.5723774609736072,1.6473027611941791,1
4.9669058474125913,1.9910389453052515,1
0.54173060161013775,0.45978873579700175,1
-1.8084602485945094,1.4073901682488215,1
-0.052416526843388489,0.63207276586944516,1
0.25539204317532083,2.5043311382686024,1
1.4625807028125812,1.1300959712950041,1
0.98345648543774333,0.10663557242212196,1
-1.1699061142258735,1.1378974827984534,1
-0.58209169522639947,1.6590327581215703,1
1.5065764109991768,0.882457100951338,1
1.6077645876806197,0.70442471612637902,1
-0.094562206347227784,0.176271397821405,1
1.6210501275780342,1.4187715573686381,1
-3.8688635556618918,0.59653133716981888,1
-0.78132843491939719,0.31855322191884605,1
1.5818797299591481,0.93744839432560778,1
-0.45906562475212809,1.0708246174973106,1
-0.7860212347227411,1.3631188811219046,1
-0.6702710132463956,1.2540727283886253,1
0.78578381415239773,1.0763474581364041,1
-0.54453300487215728,0.45053939091307338,1
-0.87866850449445866,0.095019852497734369,1
2.1648728784179969,-0.40112259281996443,1
3.1185121105061109,0.41049187955992872,1
1.1634438502371995,2.2472641909355451,1
-0.060325575629602168,0.94934320414774431,1
-1.6662694753700291,2.6562894166237476,1
0.50406256940010763,0.65328337875531628,1
-1.0943068085829273,1.2687597248893414,1
-3.5180621273160488,0.60291827203551951,1
-0.90524646115019403,1.2383114276658169,1
3.1891501345619178,0.56126517046479929,1
-2.028771447186327,1.3931857266531011,1
3.0491112689321174,0.93542353487990071,1
3.1408559972396226,-0.36742056027428283,1
0.88034424289060209,2.1555596903320695,1
1.379527500071855,1.8843293074716603,1
1.8642323042678441,1.0773089259303168,1
0.54774602261635863,2.4396095748071343,1
0.95170564302883587,-0.59349917354140769,1
2.3739791854488583,0.089573681227893998,1
1.9499265648618671,2.1800575125451802,1
-3.3297902535075323,-0.24177466731129971,1
5.5827964404931567,0.31230803097026671,1
4.8627116533126955,0.091470710783443043,1
-0.22387943891885365,2.5192182736235962,1
-0.26249450742338776,2.2894131032262175,1
0.17416854543042037,0.30391861501479955,1
6.1400641093306039,3.1122085804845341,1
2.1361548201205238,1.1829308110937864,1
-1.9969921631312262,1.9834437742143172,1
0.36003739001971358,1.1506980190932847,1
-0.26328659300615143,1.4781794222509519,1
-0.35315891955183631,1.2026544162300352,1
0.99640854024754111,0.35454682758097444,1
0.041601976490284742,1.7090340704269256,1
2.2060156172690126,-0.010667080229911363,1
3.1053381237856446,0.79678388091254559,1
-1.1329333479864612,-0.044690667611503754,1
-4.5482607514874367,1.2123195752081908,1
1.26602244624259,1.2349126044303311,1
2.5688965969662454,3.0396156615802017,1
7.0750804265157434,-0.664405939247799,1
-0.56575521104836168,0.82359350841836887,1
1.5866478423651686,1.3220378983029533,1
-0.77985158826623535,1.4129453826511711,1
1.201068722587648,0.12785956635232554,1
-0.17141828203070009,0.32994655212934554,1
-0.15110969001506702,1.9857548739285278,1
0.039909382886688327,1.4931513088090105,1
-0.42142617283589234,0.97326020454809603,1
5.3063890537252512,0.37716540454027625,1
2.9645666759529821,2.1134799189313185,1
-1.3565755681342562,2.6090990677722745,1
1.9260947239830544,1.8973524007988929,1
3.9461552613980331,2.749335851015331,1
-0.04230595083148736,0.86170203997203143,1
2.5747027403644855,-0.99138051625019785,1
1.6193905290812647,0.81944643344974899,1
1.0627932710538919,2.2435420929786742,1
-0.94841907348306909,1.4103244704860471,1
2.2934709328215437,2.1816565877271201,1
0.18160449780467491,1.9072301702869927,1
1.4819446250682529,1.2841839308542222,1
1.9463090448057183,0.6917454153726903,1
-1.6073087198706817,1.1495532807108109,1
4.1416499080880813,0.91387872924546565,1
-4.1794608356637317,2.2906833987315682,1
2.2207780977746201,3.1886388569345194,1
1.2357112040750011,-0.12738858092114214,1
4.8568504064860392,0.50172717255281252,1
2.8891436034920286,0.97352264407665734,1
0.08734719199597385,2.4202319262110388,1
-0.086019530767474151,2.3517689119551188,1
-0.98822105354978018,-0.7060819117859265,1
0.84928203611122033,1.894100714548661,1
1.6997598559188805,0.52425832772579839,1
-2.1749568944491751,-0.61405118419125904,1
4.4674706575927354,0.30722819893162612,1
2.5660134496723135,0.7171630985870181,1
3.2117775982507171,0.85353377876816217,1
-2.9716462118710636,-0.43141087690361046,1
3.8439308366900793,0.63729466029481596,1
0.59700966526993005,1.7155307976417,1
2.3665880701191293,1.3242905254961084,1
-0.49760169210348049,1.3427420651952118,1
2.3176895597976035,1.3477858790171831,1
2.7158071942778501,0.22732158137073422,1
2.3905179747533056,-0.11589914385507449,1
-0.22454234674962326,1.9502711074953254,1
0.064040908092417914,-1.1170656087220556,1
-3.3511706956260054,2.3278847215436724,1
3.0925994814887954,1.4746019903101,1
0.98355129908884509,0.50441191898803295,1
2.5475308668541148,2.0998223225998731,1
1.5499230306871401,0.78809983691566954,1
1.6495118870092957,1.7961328535070344,1
3.2868633150476452,0.56709437752375025,1
-1.475142370923012,1.6140132891448766,1
3.0300762527120808,1.0210948312078352,1
0.70156307399082418,-0.15386921103118234,1
-2.4520182419413654,0.14106744215262845,1
1.3400553794358072,0.7870422909674758,1
0.52066153468456688,0.16046225056039343,1
-2.7306317158003193,0.9142889494364681,1
0.50367354402334152,-1.3710505878235826,1
3.224674748316076,0.021306101722418536,1
-1.0116079437062055,2.3041578034352224,1
1.044154047543504,-1.5236529432700445,1
2.9778583216805288,0.89596441090671586,1
-0.9731110264198588,0.23419316030122939,1
0.55806119307088253,2.30985110179682,1
-0.76914193753323601,2.4456865569722925,1
0.75109327307538509,2.9490657980375223,1
-1.7995584828289866,2.5067905248954432,1
1.0630358887261224,0.70529039754286527,1
2.7014642088245502,0.75182186604572709,1
-1.4054453398100739,-0.27517854921703733,1
0.53721922710029002,3.0286992381385169,1
-1.3585703746396554,1.5362875800998395,1
-1.0198861056256956,0.72796365281748887,1
-3.2406439067258788,0.84569192576141217,1
0.65605635586431466,1.0029995524418112,1
0.9418680584224064,0.25815220281333884,1
0.87222257011180759,1.3430529374890849,1
0.92379639717101714,0.9952406499739116,1
2.8839886528846934,3.2459726503148594,1
1.9007345744236939,-0.39600924941357518,1
2.1368099436276782,1.1876184389791429,1
2.2550617570883627,-0.32119472932189241,1
3.724956390649572,2.1842702644539895,1
-2.9223441630538982,0.11115191333040575,1
-3.0722941911611059,1.5057361271291958,1
0.23203089431131596,0.82690564826607804,1
0.75023925320354223,1.5825629104594245,1
0.1009665124659227,1.2970729388820952,1
-1.6045562446504429,1.1636158935144092,1
4.0019837164841778,1.4328872067503293,1
1.6125031160435963,1.2972852211082377,1
0.060106975030167709,0.58362856719315626,1
2.3391342548869147,-0.47947035557424456,1
0.88109784216850018,0.074369928420109477,1
-0.23749638984350807,0.14760131581143399,1
-0.96308624852930569,1.8323864780449752,1
-1.1351353420567245,1.3064682770821827,1
1.7641837886084875,1.9440434759631966,1
0.77572655603574248,1.2913554919396772,1
2.5366467136784046,2.0013190368146696,1
1.6365926461496811,0.59267049777753056,1
-1.7291529014490028,2.0650819178505664,1
0.89641484029314511,-0.010822941847433931,1
2.2185840492757452,0.5438598254629412,1
-0.41735866386781906,2.3172093870666801,1
1.1381349792691917,1.037460754022002,1
-1.935539204813151,1.7253498074120337,1
-1.2450124738290096,1.9264371935265281,1
-0.99043411418638128,1.9777638754354914,1
-1.0181689077559792,0.8470798023730719,1
-0.95836282510264637,-0.25010958397489835,1
1.3097622373036966,1.3174428386003427,1
3.3559256881574306,2.0787855577334646,1
2.3030157563371212,2.4871234498733816,1
1.7258043019547673,1.6098914277806791,1
4.1578545028585827,1.6161185700536453,1
3.4180191377508633,1.3669759496954206,1
0.10353927920049133,3.2272524610389715,1
0.35613176890712761,0.096168393643425998,1
2.6244497468338546,2.194792090728634,1
0.30794962685043004,1.3515454251017476,1
-1.0530683988665921,1.7382149994059075,1
4.4453201551457964,1.9430121792373887,1
0.7043458761568171,-0.16881675949186081,1
0.45406276497876558,0.59608161272112614,1
4.7677942516778078,-0.21734133820320922,1
-0.8712245625626549,1.4225294945095983,1
0.044469687046417739,0.36168650973046101,1
-0.80063192265301431,-0.94038712687198167,1
-0.1028517074797205,1.005938501995524,1
4.1038946017718994,-0.69572369015883551,1
1.5026730333653227,1.026192987940395,1
-1.4696256333607292,2.1502713872615016,1
1.7672774164043021,0.082528161634434882,1
-0.95326047712137552,-0.12583534828457088,1
0.28627407027571805,1.4816413160092503,1
-1.6044693389070048,1.0591927811197555,1
-1.5282920359720957,1.5076713105398492,1
0.57303838770892868,2.3952647847148087,1
0.56498899365010291,0.83394645944787615,1
2.7691221453703898,1.0960883965375023,1
-0.57185508209897806,0.84060358640350796,1
-1.6092080238048598,-0.84258343681854231,1
2.0123104880935272,1.2321155445717655,1
1.1735455705989346,-1.2734513686731113,1
0.79557837681302779,1.4596567597437553,1
-0.1360300549964446,1.4510315204967954,1
1.1362598575371852,1.8457464196835178,1
0.18634042149172125,1.5300424628472244,1
1.5452075643822494,0.13730651203768329,1
2.4403686112540601,1.354681362905612,1
-1.6460391231291693,1.563742117913778,1
1.7944980880622272,1.0557884572163101,1
3.0940817141733454,0.96275522636287469,1
2.0109759419629567,1.0536967328509892,1
2.0799183058791657,0.67436601069780888,1
1.5949650989122122,2.2065880435635767,1
2.7004102404248327,1.5220475174189549,1
2.3576283333904549,1.1666402153539193,1
2.046485615415655,1.3141063502442489,1
4.6860757657858851,1.6727802070974089,1
0.0212241374349742,0.57878848676934114,1
0.61615786842611919,0.7325393940889755,1
-1.871525585681334,0.25511832935940548,1
3.625773957436583,1.4382325339445376,1
2.9472990516140456,-1.217332036349553,1
-0.16076016758686185,0.6193113217352586,1
-0.34764214544696204,1.7699106165720946,1
0.11437420570759804,1.335287225713629,1
-1.9973993969097135,2.1572446953665336,1
-1.6891697578046416,2.0595493792088715,1
0.69217233760463048,0.88691103773050817,1
3.0143138801189853,1.3394582372994801,1
0.34981544676562598,0.48701964617788507,1
0.22538847480670365,1.1248251352535477,1
0.75893602496796753,0.58498221399166517,1
-3.9816231628657839,0.58465565971938294,1
0.44011698782802289,0.34780924588736861,1
0.83231155724876271,2.7703236641458178,1
-0.23070603312549354,2.2307439365204829,1
2.5360398547165266,1.6066648383573598,1
-0.54216400302344581,1.9214304846825527,1
2.7508669716400616,1.2456732220679143,1
3.69291146294497,0.97162398184837029,1
3.4794393758396147,-0.08073012963065529,1
1.4350399071698221,0.066666505490800332,1
1.2340234860970849,1.3554380937918078,1
2.7791802055052242,0.69364028334301087,1
0.27337943778186713,2.0687839252547646,1
0.32313048623605012,1.6128751985928325,1
0.86153386865409665,0.041863057066365283,1
0.45075410322819415,2.1608089180605594,1
1.2191350683868485,0.76969541351039472,1
0.39918138632373995,0.93363462536140063,1
-1.8412932567027263,0.78227203955698887,1
4.4275550294364967,-0.41883782752872234,1
0.44878759055017442,1.8934140803923492,1
2.7840870817985812,-0.67047282094367544,1
3.1314549473845883,1.6246772748245546,1
5.7416845700490269,0.93222537039156861,1
-2.8254200849139659,0.2836680327278811,1
3.1701206359810383,0.19275710605681895,1
2.7873567437622917,1.4650713828157464,1
-1.1448204072118127,0.60769793721422105,1
2.9406740039634238,0.064695174246213738,1
-0.096765813426258895,1.0622841857311811,1
0.3170263682242086,1.7741991898316223,1
-1.8951548742226618,0.16925516909242078,1
0.0069210108740070941,1.1864069901440024,1
-4.3049006418236671,-0.2185461275767937,1
0.94018164000539484,2.7801367370512828,1
0.67129168499197089,3.0778667951293248,1
0.41778246128510516,1.8630505194130915,1
1.8813502356616394,1.5401604033190894,1
-3.0621701220461839,-0.04433517102536455,1
-0.73107661491779319,0.71083566782804586,1
-0.092729429384839079,1.828072445733006,1
-1.7902553833867823,2.1704349585242446,1
1.0400358087061186,-0.45426087522666325,1
2.370669643784598,1.9428498534169389,1
2.199077554192058,1.7188502103700969,1
-0.41478615278397712,0.62099672437681197,1
0.81067354232776956,0.37770615198274116,1
1.3501910299142277,0.8773124471081466,1
0.10970269182121839,0.12288342445606171,1
1.5736152587221688,1.2975227238553821,1
2.5601576705187776,0.85535265869554211,1
2.6296329992960912,2.3548156979570276,1
1.2301056730441742,3.1955911969014239,1
-0.86973238717950085,1.7409288110876435,1
-2.0274565670547799,-0.75688524947420643,1
4.1547616544842905,0.58449208587883872,1
-0.58354226394356612,1.0074231800675502,1
2.020964651819499,1.0662338410914751,1
3.2975963248243856,2.0749776571725027,1
-2.1837278786418803,-0.21975159960226143,1
3.1919295211444112,0.70071573317583913,1
-0.069199958747662049,1.3163099165141723,1
4.7951122500238599,1.2724314248828459,1
0.72684489141605979,1.1597113960998777,1
2.3296578770530667,2.6800836012453484,1
-1.1051260981448487,2.2274060984981086,1
0.99092014141676721,2.1254266579477328,1
1.6429037428532687,-0.14462978429552575,1
-2.3660143887253735,0.88836658373127275,1
1.3539944438075122,1.4508782825301587,1
1.6761999207489984,2.7102249280319572,1
1.6508269351384268,0.20434035262959338,1
0.21435299349165016,-1.1087444218309637,1
-2.9772501654843255,-0.54139632893081457,1
2.8703912224209693,2.3798780513320912,1
-0.30413234592727556,1.9994788249544035,1
-0.65987628457540315,-0.21418415441985683,1
-2.5375727545955975,0.51374940494105847,1
-2.8931405180013696,-0.19054186056740008,1
-4.3913528197140996,1.3113201803077741,1
-1.3347572747049943,-0.24131745682225691,1
1.1369450381743023,2.2680385210809724,1
0.40048043676420136,1.6833423538425789,1
-3.0035898577868254,1.3390283478961291,1
2.1329818114484,1.3166986613864016,1
-1.173919681518635,0.0042397575369355067,1
-0.60279920675259735,0.57449600342682028,1
0.30936724208348082,-0.045755400272436741,1
-0.16746754128529373,1.2365379340352489,1
-1.876904564117069,-0.058264448416937897,1
0.27121452095783993,0.85725884580312683,1
0.11914723459761556,1.2638827768888374,1
1.9455864257715973,1.3220490357540842,1
-0.72291499346454291,1.8463093437581291,1
-0.42407219390167428,1.3305162965191399,1
1.9361115722756836,1.283109862010845,1
1.9931480544172033,1.6240092634214234,1
0.8150919713010284,0.82812393437639009,1
-1.454002247922549,2.2284233845451036,1
2.3559526764501619,1.4724290003978919,1
0.17245383968106898,0.47622720505294636,1
2.9004308728903796,3.361829642518102,1
-0.4463740660313078,-0.29971183224459041,1
4.7116564175283937,1.4744684762525035,1
-0.82599516763483383,1.9556761413394614,1
-2.3881808336124264,1.4907363813229679,1
0.78607021829787771,1.8911984699089304,1
-2.9461650209382801,2.0207703606913094,1
-0.0088958992814569537,0.081190917179896793,1
5.1285472913670098,0.69576650639675408,1
-0.32500384013972172,0.92918778076876041,1
3.1628984321697375,1.6006587455476495,1
1.5187893669065478,-0.88673158858618262,1
-0.16378018325169186,1.6840934722906307,1
2.7780285133340223,1.3503415248841812,1
-2.9224199371003881,1.3667659495761737,1
-0.33275936600386902,0.22315445692255753,1
3.8915459382017366,1.9389808655288521,1
-2.2013021064356781,2.1917899897382078,1
-0.94994882344659559,1.0842243939666731,1
-0.29151876711891567,2.3185891663503178,1
0.5661766536036188,1.1291896278878579,1
1.1615591447174798,1.7743265916042641,1
1.8132988034108393,0.49048294469316167,1
2.9354343483831062,1.0217876891684714,1
-0.56400241743592683,1.0325415791188843,1
3.3180636306816753,1.2390618695208035,1
2.7374902118417337,1.1856574757595564,1
-0.33753101310522382,1.4109616134806737,1
2.2390471168108013,0.080637681436275144,1
3.1139130258055392,0.30375263077864101,1
2.3656653416818791,-0.71121544982097151,1
0.37036782789933226,1.3375260113992093,1
1.3925883311054355,0.21042355132261059,1
-2.9393639683579105,0.87648604347705605,1
0.83678773201182388,1.0232588015227895,1
-0.65390439674413781,1.420034191087679,1
1.7414118515078341,0.30434048913240241,1
0.61830805865146166,-1.3557748894891866,1
1.1619283852074935,-0.3885982261807841,1
0.094981803059475678,0.81257770426894005,1
-0.81555679462364594,1.1548807641770864,1
-2.0796507283680352,4.5820876377851505,1
0.41917247829933685,0.25563942408654117,1
-0.47493875616246539,0.49219699274904227,1
3.2226391416916789,1.6708760471400885,1
-0.28537131808972238,2.0868689680417791,1
-1.1433122384353507,2.5306407083363744,1
-0.48055679960400122,1.8274790528167875,1
0.51472775629804191,2.0899877753502931,1
-1.93441689273732,0.56667567592256285,1
-2.2108044164669947,0.96686295951541279,1
0.83103620738511608,1.4232061188422931,1
2.8100102855639513,-0.39322455754998731,1
3.4622167451111743,2.9383067559345784,1
-0.98722882496114961,1.698769056247444,1
2.1903446924116308,-0.099779123438556994,1
-1.0154826940190158,1.61983109584525,1
-0.64084444285112396,1.32529822660362,1
-1.596668425685505,1.6464837963774741,1
4.5058589510176281,0.25267605679100058,1
0.36635630608866049,2.2289048727945646,1
2.5339203885041046,1.7864497189806805,1
2.9349848501441285,3.1706986684643237,1
1.2442636504390263,0.51498898793987102,1
3.3366463225365885,0.86472872852603744,1
-0.60629905104558612,1.1167780131244422,1
-0.76208190216884941,1.2370199069136742,1
-0.47195060325582339,0.90569195912883127,1
-1.2536687538877584,2.0614769788739822,1
2.0687858502834722,1.1250714115120146,1
1.0473823365236541,1.4352634829124078,1
1.6370073158510003,1.1740670554573982,1
0.46159557382551436,1.1946865280732746,1
-2.1080357282911502,2.7503462277297928,1
-2.5680234704802878,0.79853977547300869,1
5.8517182504065577,-0.012572264608198713,1
4.8377202385931035,-0.089393754248437762,1
-2.7863710998439251,-0.2141673458612785,1
4.1872465354341033,-0.68589333541991082,1
2.2418535623868396,1.6027441806693079,1
0.79619270359848393,1.3556092096531818,1
4.1159112974086769,1.4127417815620418,1
2.1007233569478494,1.3968636078115579,1
0.55344839534651924,-1.6939955803511393,1
-1.7509803130623578,1.1623889933039044,1
0.52878519257272005,2.2261710236530261,1
3.0478569618625091,1.9460599802079694,1
3.1933318008935121,-0.14430765082310026,1
1.4620231737956018,0.90355762404814799,1
2.090547730039567,1.8394684272379376,1
-3.653070189649692,0.42939220458352856,1
-0.14661356843969253,0.016673522039241995,1
0.072743542684945761,1.8715565357262443,1
-1.3650192403341188,1.6488789752787698,1
0.23308664594813744,0.51376519286819433,1
0.54535812109858051,1.62383695804308,1
1.8529339597426782,-0.83057637708356991,1
-2.5671504816524484,-0.38135037601265331,1
-2.4760330253249689,-0.59566184157208735,1
-0.59022268337657735,1.6051167755419751,1
5.1805477541605258,1.7140156384290912,1
1.5815311410609507,0.350800096073136,1
2.8430828247567668,0.42573154589280116,1
-0.50913100078948581,1.4182566751849883,1
-3.0940723873002289,0.039421858803051268,1
0.71303277216724958,-0.9228542007699394,1
0.6953463540839192,2.6006630026068178,1
1.4539898177906796,-1.3200713129460215,1
-0.09874258575367012,-0.54104291304073593,1
2.896628355090364,1.4031848923306087,1
-0.63235917706991129,1.5960827104689335,1
0.15861137774630751,0.58139411847580369,1
3.5454810092284452,0.72539529380673473,1
-0.58695731579714727,1.6002064821394555,1
0.38118593619633323,1.5862835347313196,1
3.7387061290644032,1.9843513729331519,1
-3.5005397284363493,1.5546308934450366,1
0.43098625324636058,1.6568638243769476,1
0.74197918722817313,0.035156101238744353,1
2.4279894932581527,1.608947903692548,1
2.7526907082355248,1.3445737936654722,1
1.0015043506664147,2.300492363867368,1
1.2759599953640275,1.1141947539212675,1
0.9123323520542771,-0.67441152140067007,1
-0.59367654470282383,2.2862943422726376,1
1.4358282960514059,-0.44940319345658608,1
-0.81916410661867656,0.51636569927271436,1
-1.9509063662366424,1.010995040953919,1
0.16174582739883303,2.2665854414234703,1
2.8274971319062354,1.0237048909813931,1
2.3327172820160795,2.7592511596656699,1
1.6456776732316891,0.4626934298991402,1
0.72380795392323194,1.0760476223258935,1
-0.49620206370280706,1.2530281732022579,1
0.73424774155488426,1.6944876716765647,1
-0.0089453944927039286,0.63663920380643146,1
-1.6399894598148392,2.7384311467992264,1
-0.25579291470066412,0.64541620335116212,1
2.2619337495506677,0.39960574790769321,1
0.28004834742654239,0.74443035092452048,1
-0.20983503652235824,1.766542179204988,1
0.79722133638731585,-0.9587053493350457,1
-0.84493648356528683,-0.63467345265059083,1
-3.4052838398935759,1.4319318135282006,1
2.3294422198831182,2.124651025261735,1
0.96471869503562457,0.88661160223122359,1
0.27422219873780085,0.11634284382625282,1
0.99219536149580245,0.83399686449512056,1
4.0437523974374194,1.8853937341131655,1
0.84853561266632194,0.78043169329477835,1
-2.2961302299341915,2.0427133424627391,1
-0.68046909810815914,0.96571791862590572,1
3.2678079521181864,0.50485599939075043,1
-1.0215746474987553,-0.32466964797485209,1
1.2702099851536963,0.73343743564398234,1
2.7957636941686426,1.2300626062048678,1
0.73139227495946058,1.8133235738617333,1
-0.48161965788120997,-1.7335812634966006,1
1.7788294037153016,2.808162356095103,1
1.9658816993721089,0.96338293884038806,1
-1.5439240713382529,1.4408870521476098,1
1.9764256363181003,0.67283537262490145,1
0.59578048930841776,0.20910331347897093,1
-0.14425848396725216,2.0606442812678303,1
-0.28999136657917246,1.474416765479047,1
2.829849949280443,1.1700036953634185,1
1.2646413789460427,0.87514706820540966,1
2.0631794404517292,0.60487610282647319,1
-2.5427651277677494,1.6425520369930982,1
-1.1834283447467899,0.64851234579488326,1
5.6853826623462833,-0.91594857814491415,1
1.2268238810160934,2.5557863825669993,1
1.520353806936513,2.5266353822444545,1
1.4487753026059897,0.59645557815320627,1
-1.2745431306227164,0.72032943669269445,1
2.3366316878206339,1.0677255656975559,1
-1.7895059616438098,0.25642527472502818,1
0.17790073244015048,0.7491236007887272,1
0.52351413042785533,1.7915231365466726,1
-0.27243143897837374,1.4031627401161861,1
-1.6693510753145324,1.5476750580168046,1
-0.46548060521063084,-0.091703174504251583,1
0.65547810580653909,1.3529110249371741,1
-1.4106221399870698,2.4781399231527961,1
0.89520575782370493,0.84764409190955847,1
-2.4045780230604432,-1.7170480495758524,1
-0.056304596125045125,0.78873656296633143,1
-0.38319854224695415,0.12532411848793545,1
3.0505615839431419,0.95185368381013158,1
3.3283749352973526,1.772341372001323,1
1.5434925706175475,1.9011135081122537,1
4.2217420099848262,1.2678223892503131,1
0.37528801281248109,2.3759897650618313,1
2.5889487095975654,2.0582362547417334,1
-0.64947759176361264,1.5573856274460693,1
3.0992917742959376,0.9215555728014202,1
3.0538692959577318,-0.43171748530050125,1
2.8231062702425422,1.5285422751748239,1
4.243410380791218,0.22386871089673233,1
-2.5927001141449075,1.374701396369352,1
-1.1226118059403876,0.1136858278397973,1
0.19372544758023869,2.0973625290102635,1
-0.64621382971623431,1.0990359841580719,1
5.0756498334358628,1.1811820422006309,1
2.3440631480849285,1.7716208797759512,1
-0.60336307368265185,1.2488119888752944,1
4.3471905720952622,0.2216082501134834,1
3.299895113734344,2.2852522678388745,1
3.08104215997386,1.2022058788221917,1
1.0404198986425646,0.60377771619935294,1
0.37496908728076972,0.67926080560296742,1
1.181139799643449,1.7355399042335076,1
3.3467701114142345,1.2427523951229593,1
1.6755617836913599,0.82557501409516576,1
-0.40075194390036595,1.9118059756290555,1
1.3217426032003008,1.0439616622061274,1
-2.3180728288283703,2.3042087819901269,1
0.33211040303068851,1.068054880346841,1
3.6599312259941081,1.053891363596692,1
-0.18646314853720725,1.1877626539512365,1
4.3715124294764225,1.5536832148992308,1
-2.0620768579234721,0.41219329459885379,1
1.5553993957706205,2.2054588983336663,1
4.739846947307699,0.43055600375278746,1
3.1268674328959367,0.75419940822620468,1
0.32349970943345813,1.4089240306422253,1
3.7891203750137699,2.179004536360833,1
0.9429466985810846,0.9091600757825361,1
-1.5230179048255532,1.4752518010622311,1
-0.69608293022812995,1.0126494555850645,1
1.0385102828719357,0.94773746030465356,1
1.7665606975038024,2.0126882757157292,1
-2.9346950539151155,1.2260225225441741,1
3.6390211609667809,1.3565556201118587,1
3.2156804789492508,-0.21473351884304037,1
3.0143637142791997,2.4385807994818185,1
-1.6654594369980249,0.90333900300808212,1
0.75880811261747072,0.75094681490943782,1
-1.9977299423034991,3.7582320137914165,1
2.9224539274753205,0.48459222692585868,1
0.2302423029744507,0.71414249215863157,1
-1.052588863872814,0.86810437043925892,1
1.4896021956489816,0.71809810649662831,1
3.3089777050831239,-0.34575350465988453,1
-0.3511451528550944,2.5825292324391702,1
2.518115704097676,1.9798279845939475,1
2.1944823955635764,2.5208788304549965,1
6.3477030327042465,3.6198494153284946,2
5.2872694702752936,5.3515267452946684,2
2.717243474178765,6.5358318652272072,2
1.5415094325068748,6.7763197073240562,2
4.2483383313906415,3.1766679575292969,2
3.0139871908442188,5.8876087600270717,2
7.5297747084472064,2.3974429261665189,2
7.7780796653253317,3.7181262615628095,2
4.8536737120871862,4.4196376038388276,2
4.4236761308186141,4.5531578729642748,2
4.1655300784169027,2.8301688162095333,2
3.4722532910819339,4.5049470864916312,2
3.9339817305158671,3.5164302018370246,2
5.4424228337402916,3.0149669573682973,2
3.7221903461685315,3.4861159309981549,2
6.1592927209379962,1.8419339606154939,2
6.1421270436214233,1.2328833278242595,2
5.5704929114439921,4.2375536011989556,2
3.1610214405763979,3.9675146713809415,2
2.5624252816105124,5.6709628625943154,2
5.6549512767342494,2.6177551168295512,2
3.4771065514147645,4.9866254873967426,2
4.4715723922839832,5.1824452611455891,2
5.0600519310729464,2.2073030000184977,2
6.7950218661393906,1.9373518966346901,2
5.2127813833767949,4.2393798497027086,2
5.9501115061068282,4.656092520578655,2
6.0200544003699425,2.0257439715433638,2
4.9440500015289475,4.7949266552449989,2
4.5359872643108998,3.7429787175406579,2
6.5571996917010864,3.5825035637433018,2
5.95557881147771,5.8554083258710614,2
3.022045089120911,3.8581027482927581,2
5.6587790972200462,4.6426317942308204,2
3.7964778688919241,4.2669358659604155,2
7.3158954258365387,-0.81263369791506346,2
8.0797784107893236,3.1129600960109736,2
7.2249649735181922,4.3615448583215768,2
8.4994638144481591,2.3631715172065091,2
7.4829220169552144,3.0498741920592258,2
3.4203995622622196,4.6121532036720811,2
4.9246649313467161,5.2918747006157147,2
5.0350454070048034,3.6223799058501616,2
3.2866156636390653,2.6259349618844769,2
3.1593538314908298,5.3392214348641147,2
4.5132198947463493,3.7928146394921041,2
7.1499857357963599,2.8152686458220071,2
3.5441600296889919,3.0871577427992074,2
5.0065062613724782,2.6683912764393685,2
4.014537757930503,1.7308395711211157,2
7.2647407526146894,0.80453821118514313,2
6.3692862097910385,1.6151345114137459,2
3.5293151776472742,3.1166130785978607,2
3.6578757519038438,3.4126072818550965,2
3.6879069593551925,5.2513199256311669,2
3.9928026410826374,5.0756316797083656,2
11.516476214027966,0.84018340770862476,2
7.522478028001359,3.6113571810652512,2
7.2089070315098489,1.8005741771174417,2
3.9218463474159275,4.4097246861753154,2
5.9340285093623306,5.5585015957361605,2
2.4015987601872388,4.1434144668321817,2
3.7336440595868861,3.5880035700666686,2
4.5836383210347815,3.1119691412240269,2
5.3350664577909424,4.9253906665151632,2
3.5637182170384536,4.4185183728816702,2
2.9314932520628432,7.1802757097545582,2
5.3218334680140584,2.8224999910397464,2
3.3799612181038601,5.7319312929055179,2
4.5477608159004577,5.0466780524779082,2
3.484726267562257,4.1914610271896233,2
6.0168999168621795,3.9210754551469362,2
5.0717585123601561,3.5789278904279662,2
4.7616562926438961,4.8607187523652868,2
5.1486353524192667,2.988088840404636,2
2.4256119077937059,4.0759288623549876,2
4.7701299698659883,5.5902606793848655,2
8.1186536548480266,3.4492935624841659,2
5.0841103026668115,3.3946591887137831,2
8.104502012542028,2.5051176934809343,2
4.6599676230259153,4.7289286501793786,2
4.533300974278351,3.9070771274462555,2
7.1868098062849359,2.938250952261261,2
5.3878523359026333,2.6582989755504203,2
3.7147968590757068,4.8370815346555798,2
1.4838642959457067,6.8943948601159857,2
4.2548986479527562,4.4842493947031636,2
3.3598738169045674,4.7796733326574845,2
6.9675763747723867,1.8098466062071119,2
4.7930480663256114,6.2912951088735385,2
3.1735362795077924,1.9075662222495788,2
6.8081102672586242,3.3870789616323824,2
1.3685844864167369,7.3908237497750022,2
4.5395534568043461,3.5993834616393436,2
4.5486797260013994,4.7292959119985563,2
5.7304312573148017,2.6474141712690806,2
1.9760288501471663,4.5204987312864588,2
3.8346370045619391,3.4610083748947034,2
4.5066958422903776,3.8123876099958798,2
2.7148843059860175,5.444644963230532,2
3.5600861285118253,3.2634645721890903,2
3.8826109430835514,2.9849253438563346,2
6.5020645523747769,4.8275565360999604,2
8.348325077421153,1.8695571336416998,2
4.8232325541806844,3.8360435460553721,2
2.7781773972668296,6.3417649982040025,2
1.0720600680918086,6.5382191641947784,2
5.9989612809585555,2.892613448867146,2
8.865141135218046,2.462338331255598,2
5.313268385103969,5.4190345059642233,2
5.2457952788723237,2.8524090122696819,2
5.736055233474799,2.637652619671413,2
5.6623569389978714,5.3469417134037434,2
4.2957967953325111,2.6591817550460966,2
2.7195516412215959,4.692475632299538,2
9.9536861178131186,-0.18430296748285979,2
6.004765460850618,2.6917433013701744,2
1.936843314598272,7.6524233521286629,2
0.73168790113779192,6.7931153443065497,2
6.3954646989110593,3.5480451399212716,2
4.7146469046762745,6.7378019765691519,2
3.3312864802398456,5.9090544748808389,2
7.6350410203352475,1.0049046672942934,2
3.1915536454698934,7.2134185466193586,2
3.2466767849442872,4.8921245549871673,2
2.1362933163339468,7.2609933302443599,2
5.2653057150500828,5.1891364278020244,2
5.0335977444695086,3.563232108352949,2
7.4033266565516014,1.6284079407065328,2
6.7765349673877671,2.9452568450002996,2
4.184945916635658,3.6830987626905389,2
4.1594900954152294,3.4699139046282372,2
4.9856162447881323,3.8132288875217708,2
5.7925400075212261,3.1331785054899415,2
9.4932392522863864,2.4665646558836221,2
0.61511211365408336,4.8659208596720234,2
3.0931796428021467,5.4678086125073415,2
5.9935768100582694,4.8963475137770436,2
6.4753977254025186,2.933712603850827,2
4.3622136425373537,2.9669606179350136,2
4.4492006556186094,4.033673147000334,2
5.7393532413725286,4.7096739130809011,2
4.838232828311603,4.7579232585642748,2
2.5807590129238287,5.1819581500689313,2
5.5584408586039871,2.7688961120551507,2
5.389246288785035,5.5083890550875525,2
5.6641568621664931,6.0207205629729419,2
4.7031342283458173,3.7934523462136167,2
3.129532336294516,4.7773537266045487,2
5.7428076981340883,1.2568331061963285,2
4.8099551336328883,3.9660425434868865,2
7.0418114938345724,2.7450657071942377,2
3.7231827924973802,4.3798571823666315,2
6.6457867979463989,2.4902243456928863,2
4.1025644892012334,6.941145794733651,2
6.0967602324645886,3.0283956865797625,2
4.3637250626091912,4.5680395765911754,2
4.9088558609947981,5.8608895514830603,2
3.7082813340224594,6.4844341792146487,2
6.1950311328923107,3.6040135413978307,2
2.5294971461126217,4.2747236583585542,2
9.6619272124522144,0.94852341434260667,2
5.5882280794208743,3.8405410040255945,2
5.0013090854303597,3.2203921357388934,2
7.126644928906364,2.8487230141363185,2
4.3302650046547271,6.3286859588958517,2
2.2627693500233863,5.3689982151316595,2
6.9340143347336403,4.1884195898447754,2
1.633943270941975,7.2168784938750123,2
5.2239371968383441,3.3830240578039397,2
4.119486626844906,4.1307830935961531,2
5.7202715753243449,5.0260985936570215,2
6.3768377950900081,3.7689844570213884,2
3.371223612205406,4.105099224874869,2
4.757637953228004,7.4727762269502929,2
3.9271271494073599,1.9612476039363833,2
4.3038435998029021,3.7848860564806093,2
4.8306397013596865,4.0330111714127721,2
6.3991542592306283,4.4118946831237622,2
5.9048051583196015,2.9363627387899314,2
5.4476822438950476,2.6736375113256603,2
3.0555346311245213,4.2644972080216128,2
5.5415755106965037,3.0457919560690128,2
7.1638394157277503,3.012405015605172,2
1.5371288274950103,5.5074347223314,2
2.6029107492135735,4.2735842966238717,2
2.2654925723373647,7.1884021199615322,2
6.7402949117610662,2.4576958875291761,2
5.1106063932022803,1.1662246896641513,2
7.0820329861737656,1.891538042578615,2
2.7686555440326353,6.5985899639657415,2
5.5434541287189765,3.719702877045326,2
6.0145286282542969,3.2434887457380741,2
7.726535345785706,0.94484756237862122,2
1.9569084943165471,5.5400402222483311,2
3.4108914912884538,3.8418892817596131,2
4.2103621989756244,4.4453455082459223,2
5.4636831178380358,4.0560938224145895,2
3.6224779599583785,5.3400358657874678,2
3.0224984736489993,5.708223312897033,2
6.8042969812020733,3.4478875594212033,2
4.1026157387323581,7.2880768077210476,2
2.3631667344627068,5.0358287088523763,2
2.39751299435691,5.72754939947247,2
5.3927806975365993,3.3899250031630226,2
4.9069460539262844,3.6883559144220355,2
4.0147816028907668,5.6930797457166751,2
4.0537486973543553,4.5247232188248985,2
5.4926996208876853,4.595160891454146,2
3.0921436877833015,4.5361253283316909,2
5.5180322988927131,5.0923730934498579,2
5.3380081634762249,4.6852801662116015,2
5.3091685914128348,1.4611385014551335,2
3.4268359284967169,3.6479338951147082,2
5.0575167304903506,3.3808042393150446,2
4.6508046217307957,2.461131170988256,2
7.2851097630569299,4.8905175093655,2
3.2793034424490992,5.9042613327018163,2
5.7188332516464353,3.3478470632380715,2
3.9897642768935615,6.4819819087124788,2
5.5273154596098575,2.688294388277185,2
6.1709970833948713,2.2721573911578741,2
6.2354558181478366,2.753749389761353,2
2.4769552136171908,5.0933548124026045,2
5.1922924761425184,5.1777237631146837,2
3.5349186782862478,3.2588190912485993,2
4.5126388134683735,6.1403415615825852,2
6.3870558864382163,1.6341001493275646,2
1.2874942598097716,6.2179570706961265,2
6.8657395126798786,3.5337404664909222,2
5.7063572583753874,2.160225148373772,2
2.3227779003038691,4.418542482587128,2
6.7210237518646165,3.8878805243156327,2
2.1045212038720771,6.2034854469569147,2
4.1768125673517691,5.1344342776081406,2
7.5643160628292456,2.2808130135367009,2
4.8003679092795926,3.882207593316783,2
3.2021258065195841,5.6306578898945832,2
5.3599068202978124,1.5291215575043502,2
3.9639737561284236,4.4694484543334649,2
4.9979699162378459,5.1653972593974942,2
6.1351277417585646,5.0268460619232043,2
5.5842726578963697,4.4696705979653899,2
5.9065690984263615,3.3957169988171501,2
5.4805593209243462,2.4496557255719642,2
6.7860390978492457,0.53308317766682123,2
5.2489301501083414,3.6211115507891742,2
3.5490683107058452,4.4080943082695745,2
5.6415475635566157,2.5411663399926998,2
5.6215025791511097,2.3633952986184035,2
4.0146763567435491,2.6891667457653692,2
5.7548618122313542,3.9494529874718323,2
3.2713449527292866,4.5300940217736425,2
4.5010645634058379,3.2213654309179125,2
5.2336974751666272,3.9486254063328148,2
4.3331339863557812,5.7489325189228531,2
6.6485070429515787,4.0326139710744906,2
7.7832612939816386,2.001730866730222,2
3.8434031398995101,1.4866170867304933,2
4.8983791992591126,2.8059658873427686,2
7.1905959134436745,1.0254424231573775,2
6.3396887494377285,3.1832504215289692,2
2.9778815522842157,5.9546641617824889,2
5.8059087902468249,1.208913268724773,2
4.153384771895368,3.8883508450039801,2
6.4514597121893527,3.2088956011443406,2
3.8488466108169264,7.2195795677271706,2
7.1230881757008264,3.5373486144464352,2
7.7500029935262305,1.3632258688299315,2
4.304248942281423,6.1302654676920483,2
2.7088786058409653,4.3322650699055743,2
9.5723823712593763,0.69861111962402633,2
7.1805253528831869,0.85455056599314938,2
5.6024387358031191,3.9103904602939048,2
6.4102900608408415,2.5067006932228129,2
4.0672248467629704,3.1991097432301685,2
4.3307873930494978,3.4953533796862151,2
6.3386706251542586,5.2720303794742316,2
3.2941900240191453,4.7978747596623581,2
3.0796447652762868,4.1926746884399524,2
7.2885333724191526,5.2238443161421291,2
2.6835906821126256,6.047565714000795,2
3.2631920784482888,3.4659057581832968,2
6.3890697660065072,2.6613729749650297,2
3.9886309922463097,3.8180417826947339,2
3.0642633165021342,5.5481032938902288,2
8.528076799819658,1.809801053187976,2
4.3086410105799642,5.2423171812869498,2
3.9804047150610713,4.5528196384641886,2
6.3460665648839214,3.7727846817785671,2
6.972604899109915,1.9822251493498975,2
5.1307568201683642,4.8207470485005626,2
7.7336166747518469,0.8639428327901828,2
5.2389101105367049,2.1188861034474469,2
6.5348741083087889,4.5129645412843136,2
5.5866204921468965,5.4149315817796033,2
6.3391546334524271,3.0261381304086292,2
4.929166772168645,4.0377304754964767,2
4.5125248215020726,4.3015677763392919,2
6.6271988168612914,3.9882033868323221,2
3.3691975337619966,4.5994333596591197,2
3.7988297274057983,5.1091032429307059,2
5.7250141333287869,4.3906696401352905,2
6.1188169797188463,3.1455503030020457,2
7.7140091116763916,3.9660531941111268,2
5.556046358908727,4.9889198829528283,2
5.8232865079633243,5.2291003768888427,2
8.1377433510072343,-0.33460430711824696,2
6.8888188984441019,2.5705097192867123,2
3.6574359060840056,6.1165742475814344,2
4.8455934249548509,3.250614602182698,2
6.4324587499164458,1.0470822649217046,2
5.7612563349410655,5.1834225455443281,2
4.8829441258829691,4.2158096980030084,2
3.4448355459959461,6.3759210001351576,2
5.7491792272433067,3.2705207503075142,2
5.8436158439055363,4.5916686201131016,2
0.86895411178480142,6.0346961023071479,2
4.8081126122466591,4.1553603134120189,2
3.0342432427761379,5.3046742589745541,2
4.2232350444988986,6.1545472037407709,2
6.8978327470234886,1.2067359162922084,2
6.6938136648151652,4.1773109062027833,2
3.7439585599499341,6.5395221429959633,2
5.9316030354623761,3.265416121237636,2
4.5512047198841836,4.5642916300721135,2
6.7235488591196848,1.0978982076688313,2
1.6827556743871406,4.8319814106957173,2
7.0245255459562941,2.6160803666654262,2
5.5502176795236497,2.9632194930715894,2
5.6326385782464357,3.3204568683983764,2
5.7944891479358152,1.4228150493547727,2
4.7969451973918646,5.4562957211943903,2
1.6444528202391036,4.0412637482949982,2
5.7748160433270277,3.0757483964447365,2
2.8055249631302059,4.8869806841161942,2
6.4610162977130283,2.509076333609682,2
5.2915992428932466,4.4275668055090067,2
6.3935276844443738,2.3116275995492921,2
6.1392969244173567,2.0540053257212927,2
3.395224732147784,3.230440279904137,2
6.534490734262107,2.777464508455215,2
3.4182717006370504,6.0171850157991988,2
5.18763916851539,4.2919568821697762,2
0.40296108810497877,5.3404342723838774,2
5.4969993341263139,2.4560380804191384,2
6.0841075609768112,4.6644770743849255,2
2.3368870118869496,6.5416760370923495,2
6.2245682652543213,5.6174304575268863,2
3.3444190263624547,4.5280137194171406,2
6.4765937277366028,0.75679504679777265,2
5.7844315532929844,4.089679729196706,2
6.9840795059146945,2.4151532271782488,2
5.8885337575211665,4.0687680258822825,2
5.7958488398073671,1.5598064357982309,2
5.3066746833004945,4.8614110189539721,2
7.1482043408689915,5.4500593745683279,2
2.4779401195376511,4.8562221979865932,2
4.8936638418436793,4.1856347390941,2
3.7742622460705535,4.8887330070457198,2
8.5536579583277081,4.2643389966005678,2
2.593329489248057,5.4715596480544004,2
5.0305349268990556,3.2402578193397389,2
6.0442709757962874,4.3026914991354746,2
3.1482904696396927,5.2643940395038546,2
4.7492251084279236,4.5351699168342581,2
5.9547232573551749,5.5113343864804358,2
6.9741516596692774,4.7588104049114737,2
4.4925210011717054,6.0271718460941228,2
5.4662943427793502,4.8069237431419385,2
7.3104579578068289,3.7081748541509243,2
7.5802579225580695,4.2669656604430797,2
2.2948615353693054,3.8204302904035963,2
2.5826972730042681,4.2543648565025718,2
6.854123221650223,5.0366113592633663,2
4.2926610971131574,5.5913448272013184,2
3.20638448243955,5.8815077263489419,2
3.6103835021390767,5.700436824745994,2
3.7215833855743332,5.1369550815188161,2
3.9877089565000583,4.4383800363368584,2
8.0129833639271162,2.1253654179729855,2
5.7092087150416084,4.4417289458984222,2
4.6299072526799829,2.5351594080282194,2
6.8297348686980168,1.6571607662531305,2
4.5146516496369538,6.1265867035331993,2
4.1892231405682834,5.336576996928291,2
5.3989208986195329,4.4670096896507463,2
5.118256814540886,4.204449666621179,2
4.7228858874531809,3.6843522864222922,2
5.7111879349835224,1.4789611011084047,2
6.8122254826748767,3.9631717437742404,2
4.6139458574488659,5.4631059003887046,2
2.6362067427118401,4.5791287529136362,2
3.7955244897813225,4.963809288557929,2
3.8265297767450477,4.5560571992532752,2
5.4941673490294649,3.5486254862679876,2
3.0884243584519844,5.5036768235233833,2
2.750681334577624,4.2621299340834122,2
4.7100016664038122,5.3765393592458004,2
3.6683972318096694,3.2347936924576173,2
7.0281015293032008,4.2516889640671511,2
6.4900223292269477,0.2533333089036498,2
4.2424146299957988,4.4837046050452543,2
3.244785324263828,4.98196501077466,2
2.5567682526461084,4.7824172365660074,2
5.9467188967632181,4.1492316023110964,2
4.6879630351220607,3.6196601385301959,2
4.4678520019816617,4.246411084974457,2
5.8666673991084899,4.549823520177787,2
4.3684767378699227,5.6843685316270811,2
7.3030102087618038,3.5832600926690508,2
4.9728687931627631,3.3363458510435788,2
5.1295658788908556,3.6300420915660325,2
2.8348732066533122,5.1430370517449022,2
5.8397755689584034,1.6895475880081796,2
4.954072650626693,2.3212557442578543,2
4.0423760097011199,6.0741374046310872,2
3.7155282224996173,5.7186716281440004,2
0.26699373458553044,4.5379078441680818,2
4.9038135215812346,3.7270401035004621,2
5.4792253792567802,2.6594174339530356,2
3.4036379858330825,5.0907193183155162,2
3.995811805071035,4.6443815335863405,2
6.6602764722697287,3.0375055155785677,2
8.2224496654910322,2.7985926169025088,2
3.8027179344421578,1.9544223768546702,2
4.6261617083902662,6.0470344572904429,2
6.7209839559922449,0.54229544144609276,2
5.583631676803801,5.3451965207023324,2
6.1308697254540583,3.2903459177048355,2
5.9030295405144804,5.6266850795555046,2
4.531008259335227,5.8110329456783303,2
5.2295329538287163,5.0457032925660279,2
8.1189471599156935,3.2579639899154715,2
3.8963790795006257,4.1724660778896183,2
5.1074120177208719,2.978914721639899,2
6.8302376384678585,3.3319051296226574,2
3.9581638878653571,5.3667394957401475,2
2.9058517368312491,6.7250699987522289,2
6.1015133833622297,4.6172145342573092,2
4.1023682926260259,6.2005016648862634,2
5.4666392134218134,4.0990491582917947,2
4.6097037387123594,2.4180601028236741,2
6.2846978914011933,4.0745963412648232,2
5.0267810399035744,3.4505243445152729,2
4.7414429654238628,4.388352640455798,2
3.0796440253166555,4.662675446699466,2
4.8362677431914518,5.4474252682979838,2
4.6534961707088227,5.2303762185221609,2
4.114906181575126,3.5118417724566884,2
5.9518150728846511,4.9172563902855986,2
4.5252634562495189,2.5055539486463516,2
5.7547563055889528,4.9264325845814181,2
7.506758341508811,2.1722568473367607,2
6.0095011360489252,1.750698930516764,2
1.7167897323293388,4.6223467637503255,2
7.4073194306010466,2.6449814848911899,2
7.4416374080311192,2.7068049724572796,2
5.1632355667627934,5.1284931874563373,2
4.7590369053888288,4.4873336928907976,2
3.1643296317599354,5.1218743602987686,2
4.7644227077862098,4.7058550217854993,2
3.6148558122184919,5.5595841902163849,2
3.6997705192287609,4.7803500835759243,2
3.9778595776622354,5.1690347140338915,2
5.3265728517798649,1.9733004098184277,2
7.2934562243276604,4.6750749658467345,2
4.4232510993413907,4.053334058528681,2
7.6566140631895721,3.9983291294059251,2
3.5193270861049673,3.1969551457709304,2
5.3293147504462333,6.3584356469181653,2
7.9139663142286683,0.96938488909782095,2
5.4388339341708347,1.7759210865910262,2
6.0520430876193965,5.2733052049704918,2
4.6961941721569138,2.5431786027775445,2
6.6271857827857055,3.5234145988809331,2
2.7089897114079409,4.4981574441989292,2
3.4351927799797206,3.8031553764105115,2
3.0083747512020107,5.5320334208690296,2
6.8533917651238436,1.7189450775182373,2
2.8392277674417361,7.1164978368728438,2
0.70500279689198742,4.8593547210187822,2
3.6819900557389427,4.2734854199736763,2
6.3367137074794524,1.9387193675250356,2
2.912448147489501,4.0190538919402101,2
5.5409367802736549,3.1483930443761645,2
4.871344165745457,5.5587658859124529,2
5.6006258706201049,3.3377808514169347,2
5.27401044098991,2.380886710206056,2
4.0973917098227517,6.4612549625547597,2
4.8978770127079789,3.5569469254919071,2
5.1494240545612682,5.7119915209034948,2
4.5692804657700989,4.2451452033487307,2
5.4736749760522603,2.8832842976473536,2
2.3926387876055815,5.0403124948470222,2
4.2213113842408241,7.3265784802496103,2
7.6322278219551389,2.6199658994861523,2
6.544806264561041,4.4295214495217881,2
4.6370933484750552,3.968609159570156,2
2.8655764249099951,3.2141046981004027,2
8.048136328392685,0.3680632058186486,2
6.8456408807009828,1.9794698635069583,2
2.2578277062368306,4.1983706054906635,2
2.4844370358560375,3.9245000500190415,2
0.9622975950808188,6.9561913286776438,2
4.1959100630227688,3.9946032029766561,2
5.3958622285293227,4.1169696280604331,2
2.7724314313555696,5.3918075136242098,2
7.6968537347915618,4.0959207758331111,2
4.6469026986052713,1.8274890054196602,2
3.5756187188347566,4.1961889872545672,2
4.9867958462758626,3.0043700773437032,2
5.4344704181719266,4.5855697369191315,2
7.8625911675456877,1.4143814503803509,2
2.3808020028929371,7.0578058707249411,2
5.2023844332442044,3.1202342277721296,2
5.8091634215393952,4.9658363458793886,2
2.990300235303109,3.8112045171496405,2
4.0972216230890224,3.5565433482108912,2
5.1133728881092519,4.1696384878676689,2
6.7104491673576856,5.1263946259770723,2
3.941457259111258,4.2679889329359346,2
2.779401053857272,5.4129110270554674,2
6.8274616487016004,1.4937938256539121,2
7.2846886387325709,4.0477839838394587,2
5.3084137567199328,4.6848277201985864,2
7.0677801312437412,5.4505795033597426,2
2.4325204879862254,6.9411756376278415,2
4.7520158664706189,4.1403497437129584,2
7.0567357352611833,1.7476022749209479,2
6.7884897467359782,2.7053229956331268,2
6.7942449642032621,4.9130532555658766,2
4.1968109413063956,4.6648946477848856,2
5.4790141648952444,3.7653651122018417,2
6.3212535223411468,1.1553035384703252,2
5.506149321602118,3.8227214553977253,2
4.6219588874177067,5.5407473505028868,2
4.0494841034878455,5.8271641755933601,2
6.8424551213534963,2.6829536511564944,2
6.8339679878697117,2.4554502814659722,2
8.2506356859560572,1.9365459322955245,2
3.5782853342129641,4.429642473637287,2
6.0635536129325001,3.400420870914707,2
4.5557068029612164,4.158953899355593,2
4.7553581502242253,2.7461675313093572,2
5.2916480905834415,3.7023850818053585,2
3.9741177999275719,3.5321322389614851,2
7.0279028798327667,3.6173158669823717,2
6.619967834847067,3.8542827357292699,2
6.8600994302486944,3.7700045670355737,2
6.6750814885192034,1.3877810105834385,2
4.1765095333640971,3.4093593308258878,2
9.1241552303541855,2.9330226979855851,2
3.7652777134249282,5.1418311697561707,2
5.7831645172415183,1.9560877412331332,2
8.0619373920028572,3.6805670542885371,2
5.0152833278563484,2.2170049855667582,2
3.5728990050356844,1.558982653476479,2
2.6244236391258613,3.0268095270647724,2
5.9585125220631001,5.621751136443585,2
4.6385057711021327,4.6656111062575061,2
6.6618534775926044,2.0985208883615689,2
2.1914079088073559,6.4663539502842129,2
3.749440450823375,5.4277811761265156,2
1.7052114429975149,6.4523559759180307,2
3.5087719489370421,5.2287258725872832,2
5.2111146436898279,3.4840517937021742,2
3.6902739139661129,4.818280583706839,2
4.5173021526964749,4.884660289912695,2
3.4032354606170516,4.1724717028343452,2
4.7613683383831829,3.4596068389166739,2
4.0982555192861483,4.9295148601009249,2
4.02586666881031,4.8625962979977029,2
4.2319876626248263,2.8929444530845583,2
4.3697742574240115,7.5960468887066348,2
8.3105054408900756,3.0585074890882673,2
5.8993548941090488,2.9533016554246716,2
2.8374639327579554,7.8417394783150032,2
4.8386635950147747,3.6624301000503623,2
4.9817384577829298,3.6500582828706101,2
3.3929546529646784,5.4442309753424878,2
3.9780341690872429,2.8002704827949705,2
5.2961171827726323,4.776757436316788,2
3.1875115109008947,4.7900759953852177,2
6.8453912628803799,4.2443423487965406,2
7.3306449183439462,3.9591790877668758,2
8.2372864765732512,3.6831539565959175,2
3.7835785515138194,3.4995232625807668,2
10.696362264365671,0.88525980928377468,2
4.1451426805000144,4.6233034398671293,2
3.9385994052880404,5.413808879324649,2
7.6735519260140803,3.7810077649287646,2
7.300539038658302,2.0216260298689828,2
6.7289472924395142,2.5493199410123317,2
5.3061744032412115,2.2396619683748433,2
4.9303312944455646,2.3518358692354004,2
6.5041178367051717,1.6596276162332817,2
5.8455743608522637,5.7291270034311985,2
4.0802373459709109,3.1504289651123747,2
4.9816973626021195,3.8547725652789837,2
6.0223467610174364,6.4938878022085769,2
6.4358744558915495,2.9123267718932588,2
4.398674079228055,3.5317896855412676,2
6.3075649792404498,3.401464985271915,2
6.3894060312317098,2.094370762033682,2
4.5046626341152116,4.8835708347531197,2
5.7678783398974245,2.4184764249667419,2
4.6446933074609937,3.0873167483117085,2
3.4276550011583771,4.3358217355060864,2
3.9634381121880056,4.461243783458186,2
5.5389612993391255,2.8565821976924455,2
4.7047860046722061,4.5145321776342158,2
2.5027879776182118,5.9494428845219511,2
4.3942613318686181,2.7485855961093657,2
6.5763074867489113,3.6272870813297273,2
3.3984110987808362,4.9759957489821618,2
4.386022158356881,5.0848070889989359,2
4.3669685839888954,4.3743730743493021,2
4.4990778954072512,5.1943679956984852,2
7.4562859415557874,2.4660686524933539,2
3.7428802096461857,3.2289117101005367,2
2.1001033703411314,5.3264254746813853,2
5.3358753251761222,2.8737630723097931,2
6.0263658387085464,5.4981087010461138,2
4.7119971051773417,3.2478351695891394,2
4.70429107004193,2.7530341837955938,2
5.8207479781635669,4.165712992731085,2
7.2362313992849749,4.2568553493666448,2
4.7145673674223625,3.6264575083269275,2
6.8292916413949269,1.853048775384873,2
5.3124836871447449,3.0968863464130685,2
7.2794496884143278,2.6820366083586924,2
4.6368374251279629,6.683711340755468,2
7.2798260925929963,6.2870316091625273,2
5.8338219244280358,4.9102226554235147,2
4.7429975666446795,4.2730665156928591,2
1.6260628210086576,6.1637478168013331,2
4.1050055785760735,3.668763602236087,2
3.4435906520862272,4.5488978105655828,2
4.0323594347196998,5.1940374674471723,2
5.1588113202688888,3.4443439574733477,2
5.6912950915982581,4.8304875933841407,2
2.173642025197279,6.0080555759385188,2
7.8544120866961418,1.7020657744086822,2
6.0970582928401331,2.8960023658334837,2
5.0935894707050542,3.6826902794311596,2
6.2959520293498867,3.124927501536316,2
4.487217471846435,2.4620201973798346,2
5.2365985637049759,2.0157044512194724,2
5.2311681220725887,4.2067536005113224,2
3.0288480242387164,2.6081295878879249,2
6.0392515516872045,2.1828633051253976,2
6.7938642743654984,4.5378020491377375,2
4.9869234701131635,5.6510613096302684,2
4.7355296507753852,4.7971829467039369,2
5.053141884103594,4.1417599072618918,2
3.4135924171195779,4.0751155609525602,2
6.4488367637968871,3.5930718149247927,2
6.3501773736375764,2.9222336962500846,2
5.8513348999103796,4.6782751046947713,2
6.6836247516095799,2.4537480716896574,2
6.8984181582546507,2.6818055922474704,2
5.3692934640304673,2.6661865107357174,2
5.5321756783903364,3.1226491090319208,2
6.7398747143326343,3.8187387270702207,2
9.4267249171037886,-0.65139767777772839,2
7.6087155450593871,1.2113520650470053,2
5.5054214329057736,4.2045372792467068,2
2.2057875135132985,4.2008351809320841,2
2.1881621212785012,6.2271718807326444,2
3.7226138290643087,4.1230230678846498,2
4.4785056753737562,3.7933665028791173,2
5.888307629449681,5.1943244219894877,2
7.9283650706951105,2.3066715972924161,2
4.6699506358081262,5.4310327856805385,2
4.8447823717298535,5.9872167551098974,2
6.7627513044857146,3.9856314565156112,2
5.4859526706413746,4.2511756915095456,2
6.7337544162147989,2.3083454843712512,2
5.7278706683598744,1.6196333556918905,2
1.9163391660298994,5.7519848630058963,2
6.3234120437634109,3.6389312139408561,2
6.7127695515179475,4.1045065790609891,2
4.0541427501663607,5.7155249305253113,2
5.9134285361802839,3.9392381564243069,2
7.7535002145626706,1.5952063798735372,2
3.8069470129119862,4.5445540560943192,2
5.9410400798194054,3.0103439215141812,2
6.6329871218209577,3.1107501799341448,2
4.4133334711023968,4.8628072250997878,2
2.3259779915659626,5.1012335274113934,2
3.2150894434958275,4.4231298403409234,2
5.5649446430459513,4.8544161640561221,2
2.8107931915584663,3.2709015984663443,2
6.5092457737233023,2.6044355664703502,2
3.1193548818636998,3.471546332956517,2
5.5742897078268454,3.3429284735846871,2
2.9338742983286781,5.7801146499474845,2
3.7137146493461439,5.0753599595192282,2
6.1903560737085366,1.8623503720724996,2
3.3912915192708457,7.3630695218647944,2
1.6171591575754118,6.3788056082030291,2
6.836430767537979,4.2698330862986777,2
4.7820820178819341,5.5389074178530775,2
4.3155090829674192,5.129074396048761,2
4.8208348485500556,4.5993178769016918,2
3.8725363911087416,5.8456321157163655,2
5.6997343729807231,2.559197688717183,2
5.7156020665601606,1.5959129937737995,2
4.6216977673924164,4.5635987339353461,2
3.0350315381878588,3.6436037328792565,2
7.3500050081307187,3.572689169243203,2
7.7928840736593541,4.0234592240849034,2
4.9841276599066449,3.9166485228387939,2
5.1086366846456279,3.3289205434915332,2
4.8284944551276787,4.0687549301475734,2
4.3589649198024327,4.6447820255658101,2
3.0308932623686884,4.3140484232093561,2
2.3198908845540842,4.2086291472636832,2
6.2382272709943765,3.0499638211466884,2
3.883113886995833,4.2605133383229843,2
4.7040514110276508,4.6351581096469099,2
7.6217697363572894,3.1734549282036268,2
8.3534905213838577,1.4931076998804307,2
6.8336560724210864,3.2561142519474102,2
5.6669846841631708,2.7353873618119371,2
6.6356683691445681,2.0559195197263174,2
3.459053551808744,5.4843235758664459,2
6.9283307864146249,2.7192413001948861,2
4.08386880386103,5.1926818710667728,2
4.1792501363300705,3.5352377454830832,2
3.5885517364928647,3.7728157668861848,2
3.6371409208200558,3.7463815740070054,2
0.086049029886511974,6.8501694747244635,2
1.5062941456801924,5.5593745677983364,2
5.009235529003579,2.4106921278676592,2
3.7168363415528978,7.1963512756155374,2
6.057073072786193,4.6425769155483527,2
2.7830026399693018,7.3704873578078747,2
4.7914821119319715,4.4542233463481642,2
5.6923029767336812,3.055948778551703,2
4.5086296507542851,4.2977936714517595,2
6.9224694405150515,2.6595719071733201,2
6.058390490857013,3.9135802152475643,2
5.9872050003986335,4.4833370285691325,2
1.5399515747712256,7.9619823437018438,2
5.5251783423058738,2.6931014445778469,2
6.194214249219999,3.9673840713092141,2
4.6592426895301946,4.1835257521287819,2
5.7425801038803712,5.0416172938548476,2
7.8141629063427063,4.7161043174964536,2
4.4454164947122727,4.7032710387474612,2
8.2198677027238745,2.7773688051309984,2
6.3539557946930074,1.6477496242222047,2
7.1651394073597761,1.2203033928962048,2
6.0405348062148203,5.2833914554416994,2
5.7238335199373314,4.0165563976021286,2
6.0578222044396677,3.9402838738795189,2
8.3079811398879926,2.4793245888435362,2
5.9041980152996869,3.63114358190853,2
7.4187880698258128,3.3715337588483916,2
4.7315786069277275,4.2829741229804847,2
6.693122874377992,2.8553465559434263,2
5.2247359773301403,3.4609018326663419,2
8.5725536335419736,1.3637910321640021,2
2.9461815018556865,5.3842673000064858,2
5.3080215192046225,5.9204078044160866,2
2.0152038851454157,5.5776813964179475,2
0.86360405477244573,9.7606906875660968,2
6.4099764767218366,2.9104833081635411,2
1.5665997385845878,6.7834071196983636,2
3.9010423523006659,4.7578175070471911,2
5.8182148563833245,5.643801715150806,2
3.9288808348937465,4.074499029633845,2
3.9188435797599803,1.9155693670888532,2
4.2040386053091803,1.4707481162274707,2
6.5692320034028509,1.0354647730483055,2
5.0063900767035934,3.252887577020056,2
4.8071224714711809,5.4150616979028943,2
3.3443083243752803,4.2996305143449964,2
5.9673876231332184,3.9981228957990638,2
3.9774483591115852,3.6664556413362974,2
7.3747794315665987,4.1521994983721857,2
3.7836277353255738,3.3973868745780997,2
3.3917333387846265,5.6116330438837316,2
4.9268036774448447,3.5475958686645459,2
7.595645768483628,2.4788557477025286,2
3.1899229561633229,5.6474765909317632,2
4.1493545997458199,5.6501595087004919,2
4.821383828622932,2.114201681037184,2
7.2113626121828078,2.6413138002610923,2
4.2769242046213627,5.2539902351044443,2
1.1486582169079407,6.9911667330998952,2
3.2310628157351058,4.0134042465855222,2
5.992122499566725,4.1182203471738053,2
2.3973117348835968,6.3691427709744541,2
4.0779345391011796,3.9591396371984295,2
6.3454470393751281,2.9158283374996823,2
3.1958186560813515,2.9244477531351372,2
4.4757362129869716,5.3490329188452854,2
3.5833919203851758,4.78029968585136,2
6.3934411942076688,4.8935524061381512,2
6.0838819014712469,2.883170921620033,2
7.8346793353740498,2.9855966272053518,2
5.1899652199588626,0.030829674426676945,2
7.0620284194345686,2.7659600020605946,2
4.1554030383128486,4.592913561019901,2
6.0362043936942138,3.3875039728150469,2
4.0092697745846362,3.9240087747013104,2
3.8954875823186432,4.9448357096868012,2
5.1163230793918144,5.90750411503093,2
5.6491435079141592,3.2378296047967465,2
4.9222257556620779,4.5360387961557294,2
5.0245152841039999,4.2215590455563783,2
4.3988580364221352,3.0422912240094298,2
5.9283512743618729,5.2753688738691098,2
5.9146342362156812,2.8538621585284485,2
5.4703178837025312,3.7789245126026834,2
6.6733145584091726,3.1185412664208565,2
8.0053554996074183,4.3536874387933535,2
4.2970640690593163,3.3833937070011766,2
7.7134426488927392,1.4092106326450793,2
7.4597163003177052,3.9132522097370255,2
5.1444596113868508,5.8904840242287584,2
5.1510901179959969,4.3306091715104422,2
4.8727634365633428,3.0251598179655512,2
2.7070005513544322,5.1007598301890305,2
4.853882858719837,4.549339725152926,2
6.5130343848596768,4.2549153579346859,2
6.0394871934500642,1.8488246600598179,2
5.0682944767940539,4.8341288227187897,2
3.9502467539036781,5.7174145682454496,2
4.9861634408141668,5.313640991075216,2
7.1538587753783052,1.8325570315737885,2
3.8685054245839225,5.2991067820991606,2
4.6503063636584354,3.378152186300845,2
4.0266788438720456,3.3228701823068389,2
4.1014902151622508,5.2024367248222392,2
3.5219494892540704,4.7018861480355953,2
3.7045369681530613,5.0377835178723256,2
1.7035584885671655,5.3035071539604797,2
4.0486745766674117,5.9138960903674436,2
5.9026496018076076,4.1443777805259634,2
5.3901747298930314,4.2115668592427165,2
5.1359716949808476,3.9105653342600246,2
9.6088505821716943,1.9057316173102361,2
5.7559620267809866,4.4952107677531519,2
3.2783469671677139,7.4904040991238974,2
5.2117410224667502,2.827035608705089,2
6.1976393899065334,5.4666150541795355,2
4.2937796115206348,2.6965657468225279,2
3.0203840764963301,5.3909610550226095,2
5.6500229351507443,5.2714338516993013,2
3.4845674777508062,4.7253317438997975,2
5.7000874157279018,4.9503357469093459,2
5.2488485480362339,3.097266420240036,2
7.3921804136371421,4.5788520448618248,2
6.6003055652993385,2.0831279444336115,2
1.6393445428623603,6.74484787569346,2
3.8931861310086742,4.6793633182314522,2
6.6691944483320054,4.3856502766382688,2
2.7938216836584617,4.4306244281364773,2
5.1045906835588886,2.740677650029816,2
3.3494814003507116,5.4578173517274999,2
6.8305134505526297,2.1552458503981122,2
3.9518107225780961,3.8612515681276802,2
3.4017121487687616,5.435451347248188,2
3.1793772211070648,2.4614714356617728,2
6.7569428500228712,3.3110081696731606,2
4.876798052900412,4.6211267340196933,2
6.1194070946121153,3.9250508751321505,2
6.0838917619878465,3.2389379857376088,2
3.124934634238401,4.8745947185505001,2
7.8577928870887082,2.4092319109606302,2
5.5849136175807859,3.2481736801822954,2
5.7333760290398121,4.2807502133310065,2
2.7683841582353725,4.72266326692045,2
6.4405910002320672,1.2215989079585174,2
6.6655616360931713,4.4811224799532479,2
4.8513499341939434,6.7277719952012269,2
5.2802132253592413,2.6743706989249549,2
6.720588111082102,5.4741574578444929,2
1.2380153911530662,5.4050522563319277,2
3.5910233832015832,7.0211313164328706,2
2.0643448894513408,5.3000965742950479,2
5.4979229465656925,2.4696906439000248,2
5.9752778699257041,3.6555687178185678,2
3.5236985205079128,5.0480990288009275,2
5.7658972893562161,2.6240922294032689,2
6.4058902144962158,2.6445260913935051,2
7.0227777847919803,2.087824631093397,2
3.0850219578577773,3.6136779112957749,2
5.7758326878414081,4.0590460596133005,2
3.7707346449450556,5.3485381963074303,2
6.6486801642935358,1.5550448212355317,2
3.5216868445333427,3.9917773523905238,2
2.6683127846208365,8.3107209833713256,2
3.2855534189016971,5.6386164207643246,2
1.9742516088424855,5.4565652879070861,2
4.8771420243983181,5.3035461609170298,2
4.0752794372012078,4.6506165089914973,2
5.80474155100978,2.6368995409999343,2
6.1981068825435406,3.6286373261969653,2
5.1203642447706157,5.6095069222749601,2
6.0880168614290984,2.4690813596144991,2
6.0261667769883491,2.7863725773719605,2
5.3527031540876697,4.5348517767649366,2
5.6021034599317101,3.2245017504889004,2
3.5393386961432278,3.7947461733103811,2
8.4413831437694782,3.4025583037399745,2
5.0523059314887417,5.2699194427350644,2
6.1019052079902227,2.1502320286402261,2
5.3146589370304662,2.9122054263758006,2
4.1414539021408796,3.8641443989602386,2
3.8291769966782621,5.5410124480892993,2
5.4363945192336134,3.117632944540849,2
4.6280794031576455,5.0514010768448099,2
5.1095054243661391,3.7534775106354705,2
6.3399596431372149,2.9112777380834878,2
6.3995102659831344,3.5577361034952797,2
6.8774949280552367,3.5298350214735104,2
6.144163895596618,1.9676221226706527,2
2.7788692453233121,7.4194568127376819,2
6.7134732828641628,4.6811865033147368,2
4.1293778723272379,4.4321288775424703,2
4.2338426708213719,3.6284722489590036,2
6.907955886782414,3.3319282667093635,2
4.9247537812286577,4.7639835661835876,2
7.3435156036709497,5.4919036737549165,2
4.9505767593661876,3.536894147768324,2
6.3258547276059476,2.3745677918221944,2
5.9986944819584558,5.4331432569601033,2
3.7939031403625387,2.6273357838564761,2
3.9716134376480534,4.3277290897632792,2
7.7433531036841599,5.1688623858712441,2
5.3274806358347213,4.0022744620011581,2
4.8065909612657105,4.8881384204246974,2
1.9866865280850616,7.1891676190630385,2
5.8280735153783567,5.2194957429710502,2
4.6884868677978231,4.4917667960823024,2
3.7440813651897491,4.8600169475610855,2
1.9210145732366124,5.5949229874640602,2
4.7747696793211656,4.9576255243348779,2
6.6399421164490269,0.36094616585968975,2
1.7448756793940983,3.0290438200292815,2
3.340099162110008,6.2320638461152562,2
4.7730900756777208,2.52318214887856,2
5.5233964820250794,3.4738379009393041,2
1.7873817758416699,6.0753082299476517,2
5.8409579462234023,3.197434677689428,2
6.159435864634716,4.2658566619122178,2
5.2771426350636688,5.6482811629884093,2
3.9432014570606295,4.5835076072159699,2
4.2040025062853257,5.198492626080812,2
6.6873489985686643,4.0739153721706431,2
5.1398762971023437,4.4511086124752026,2
3.8255303284328419,5.6156691293788246,2
4.8226113699598603,2.7920888279627487,2
8.0975214788379084,3.6661473900471315,2
3.2334653950556644,5.2929922273655627,2
3.3777738056224562,5.0031776302051751,2
5.2718687496226302,4.5026934234523486,2
4.4041315642000942,4.5359347917343023,2
7.5071392558141916,3.2029785613694357,2
5.9908745521932998,3.632042350531822,2
5.8798684515264936,3.8869965098008326,2
5.4766728632284156,2.8838887310627297,2
3.0221532685444052,6.4821259013237142,2
4.3286108451201599,3.1662608890465673,2
3.6523859243434953,5.4795191569578883,2
5.8615730794330023,4.0016751387392464,2
9.0616239985378488,2.6851192310612877,2
3.9052459325254842,4.5548661384764175,2
4.7681582994329732,2.6734288896198235,2
4.1558898218411748,3.3264080830870979,2
4.3681041316733404,3.200392127608283,2
2.3569442434466934,5.5705863780699785,2
4.4373077554165068,4.3076996046178877,2
4.7177523106936086,3.9987597881549175,2
6.0651021734972748,2.4109635702732417,2
6.6355471045322307,4.7692800881674273,2
7.2589115524836103,2.4849178446569873,2
7.7212704418044229,3.0635876221563021,2
7.7233926633809045,2.8112331004204805,2
8.4860942038483227,2.3058190545829054,2
4.9203413424105236,3.0689343096795563,2
6.5073335500466278,3.9682583044170876,2
4.7799665548128187,4.3371352112220745,2
7.0854950109528758,1.8881528399228915,2
3.9974460321186629,4.7978095033943902,2
4.9592991481065098,4.8334137105759911,2
1.4926001045273387,8.4188781925245841,2
5.6313922287958329,4.562325009766278,2
5.4861314254887628,3.6882104425743618,2
4.7741952531518335,3.3832916025917923,2
6.8118381583731029,4.9065859480737135,2
3.7003922142851895,3.5134229333932949,2
6.0102107427802807,2.6469148883845124,2
6.3931747203688074,4.4082600255191311,2
5.8163814099319033,3.9185236333638791,2
